BR,Capability,BP,UC,FR,WF,UX,Entity,API,Event,RPT,TC,Status
BR-023,C10 Approval Management,BP-FIN-004 Purchase Approval,UC-APR-012 Approve Request,FR-APR-034 Approve request,WF-FIN-004,UX-APR-006 Approval Workspace,"Request,Approval,Task,SLA",POST /approvals/{id}/approve,ApprovalCompleted,RPT-OPS-011 Approval Aging,TC-APR-034,planned
BR-FND-001,C01 Tenant & Org,BP-FND-001 Tenant onboarding,UC-TEN-001 Create tenant,FR-TEN-001 Create tenant,WF-FND-001,UX-TEN-001 Tenant switcher,Tenant,POST /api/tenants,TenantCreated,RPT-ADM-001 Tenant register,TC-TEN-001,implemented
BR-FND-002,C02 Identity & Authority,BP-FND-002 Role assignment,UC-AUTH-001 Assign role,FR-AUTH-001 Assign role,WF-FND-002,UX-ADM-001 Role assignment,"Role,RoleAssignment,AuditEvent",POST /api/roles/assign,RoleAssigned,RPT-ADM-002 Access review,TC-AUTH-001,implemented
BR-FND-003,C02 Identity & Authority,BP-FND-003 Role definition,UC-AUTH-002 Create role,FR-AUTH-002 Create role,WF-FND-002,UX-ADM-001 Role assignment,Role,POST /api/roles,RoleCreated,RPT-ADM-002 Access review,TC-AUTH-002,implemented
BR-FND-004,C01 Tenant & Org,BP-FND-004 Org unit creation,UC-ORG-001 Create organization,FR-ORG-001 Create organization,WF-FND-001,UX-ORG-001 Org tree,Organization,POST /api/organizations,OrganizationCreated,RPT-ADM-001 Tenant register,TC-ORG-001,implemented
BR-FND-005,C02 Identity & Authority,BP-FND-005 Directory onboarding,UC-DIR-001 Register person,FR-DIR-001 Register person,WF-FND-001,UX-DIR-001 Directory,Person,POST /api/people,PersonCreated,RPT-ADM-003 Directory,TC-DIR-001,implemented
BR-FND-006,C02 Identity & Authority,BP-FND-002 Role assignment,UC-AUTH-003 Revoke role,FR-AUTH-003 Revoke role,WF-FND-002,UX-ADM-001 Role assignment,RoleAssignment,POST /api/roles/revoke,RoleRevoked,RPT-ADM-002 Access review,TC-AUTH-003,implemented
BR-COR-001,C03 Correspondence,BP-COR-001 Correspondence handling,UC-COR-001 Create correspondence,FR-COR-001 Create correspondence,WF-COR-001,UX-COR-001 Correspondence inbox,"Correspondence,Correspondent",POST /api/correspondence,CorrespondenceCreated,RPT-OPS-001 Correspondence register,TC-COR-001,implemented
BR-COR-002,C03 Correspondence,BP-COR-001 Correspondence handling,UC-COR-002 Submit correspondence,FR-COR-002 Submit correspondence,WF-COR-001,UX-COR-001 Correspondence inbox,"Correspondence,Approval,WorkTask",POST /api/correspondence/{id}/submit,CorrespondenceSubmitted,RPT-OPS-001 Correspondence register,TC-COR-002,implemented
BR-APR-001,C10 Approval Management,BP-FIN-004 Purchase Approval,UC-APR-001 Decide approval,FR-APR-001 Decide approval,WF-APR-001,UX-APR-006 Approval Workspace,"Approval,WorkTask",POST /api/approvals/{id}/decide,ApprovalDecided,RPT-OPS-011 Approval Aging,TC-APR-001,implemented
BR-TSK-001,C11 Task Management,BP-TSK-001 Task execution,UC-TSK-001 Complete task,FR-TSK-001 Complete task,WF-TSK-001,UX-TSK-001 Task list,WorkTask,POST /api/tasks/{id}/complete,TaskCompleted,RPT-OPS-002 Task aging,TC-TSK-001,implemented
BR-SLA-001,C12 SLA Management,BP-SLA-001 SLA monitoring,UC-SLA-001 View breaches,FR-SLA-001 Breach detection,SlaMonitor,UX-SLA-001 SLA dashboard,"Approval,WorkTask",GET /api/sla/breaches,TaskBreached,RPT-OPS-003 SLA breaches,TC-SLA-001,implemented
